Validator,PT_VERSION,2.7.1
Validator,ROCM_VERSION,6.3.0.0-39-ce2be3b
Validator,HIPBLASLT_VERSION,1000-9f30df55
Validator,GCN_ARCH_NAME,gfx942:sramecc+:xnack-
Validator,ROCBLAS_VERSION,4.3.0.8ebd6c11
GemmTunableOp_Half_TN,tn_4096_5986_14336_ld_14336_14336_4096,Gemm_Hipblaslt_215225,1.14177
GemmTunableOp_Half_TN,tn_1024_5986_4096_ld_4096_4096_1024,Gemm_Hipblaslt_214862,0.0801294
GemmTunableOp_Half_TN,tn_4096_5986_4096_ld_4096_4096_4096,Gemm_Hipblaslt_215228,0.293489
GemmTunableOp_Half_TN,tn_4096_8084_14336_ld_14336_14336_4096,Gemm_Hipblaslt_215251,1.60088
GemmTunableOp_Half_TN,tn_4096_8084_4096_ld_4096_4096_4096,Gemm_Hipblaslt_214755,0.404529
GemmTunableOp_Half_TN,tn_4096_1_4096_ld_4096_4096_4096,Gemm_Rocblas_621284825,0.00817385
GemmTunableOp_Half_TN,tn_1024_1_4096_ld_4096_4096_1024,Gemm_Rocblas_621284825,0.0076531
GemmTunableOp_Half_TN,tn_4096_1_4096_ld_4096_0_4096,Gemm_Hipblaslt_214824,0.0118384
GemmTunableOp_Half_TN,tn_14336_8019_4096_ld_4096_4096_14336,Gemm_Rocblas_621294284,1.58319
GemmTunableOp_Half_TN,tn_14336_18771_4096_ld_4096_4096_14336,Gemm_Hipblaslt_214758,2.90566
GemmTunableOp_Half_TN,tn_1024_15967_4096_ld_4096_4096_1024,Gemm_Hipblaslt_215468,0.175357
GemmTunableOp_Half_TN,tn_128256_1024_4096_ld_4096_4096_128256,Gemm_Rocblas_621294391,1.54639
GemmTunableOp_Half_TN,tn_1024_18771_4096_ld_4096_4096_1024,Gemm_Rocblas_621294320,0.261929
GemmTunableOp_Half_TN,tn_4096_1024_14336_ld_14336_14336_4096,Gemm_Hipblaslt_215124,0.188636
GemmTunableOp_Half_TN,tn_4096_15967_14336_ld_14336_14336_4096,Gemm_Hipblaslt_215251,2.93967
GemmTunableOp_Half_TN,tn_128256_1_4096_ld_4096_4096_128256,Gemm_Rocblas_621284824,0.237723
GemmTunableOp_Half_TN,tn_14336_15967_4096_ld_4096_4096_14336,Gemm_Rocblas_621285242,2.50286
GemmTunableOp_Half_TN,tn_14336_1024_4096_ld_4096_4096_14336,Gemm_Hipblaslt_177727,0.157587
GemmTunableOp_Half_TN,tn_4096_18771_14336_ld_14336_14336_4096,Gemm_Hipblaslt_215251,3.71483
GemmTunableOp_Half_TN,tn_1024_1024_4096_ld_4096_4096_1024,Gemm_Rocblas_621294222,0.0265426
GemmTunableOp_Half_TN,tn_4096_18771_4096_ld_4096_4096_4096,Gemm_Rocblas_621293867,0.907819
GemmTunableOp_Half_TN,tn_1024_10151_4096_ld_4096_4096_1024,Gemm_Hipblaslt_215409,0.125964
GemmTunableOp_Half_TN,tn_14336_5986_4096_ld_4096_4096_14336,Gemm_Hipblaslt_177727,1.07723
GemmTunableOp_Half_TN,tn_128256_1_4096_ld_4096_0_128256,Gemm_Hipblaslt_177710,0.238776
GemmTunableOp_Half_TN,tn_4096_8019_14336_ld_14336_14336_4096,Gemm_Hipblaslt_215251,1.48847
GemmTunableOp_Half_TN,tn_14336_1_4096_ld_4096_0_14336,Gemm_Hipblaslt_213229,0.0260808
GemmTunableOp_Half_TN,tn_1024_8084_4096_ld_4096_4096_1024,Gemm_Hipblaslt_214867,0.128151
GemmTunableOp_Half_TN,tn_14336_1_4096_ld_4096_4096_14336,Gemm_Rocblas_621284817,0.0244596
GemmTunableOp_Half_TN,tn_4096_15967_4096_ld_4096_4096_4096,Gemm_Rocblas_621293976,0.749721
GemmTunableOp_Half_TN,tn_14336_10151_4096_ld_4096_4096_14336,Gemm_Hipblaslt_215221,1.5767
GemmTunableOp_Half_TN,tn_14336_8084_4096_ld_4096_4096_14336,Gemm_Hipblaslt_215251,1.28549
GemmTunableOp_Half_TN,tn_4096_1024_4096_ld_4096_4096_4096,Gemm_Rocblas_621294368,0.055833
GemmTunableOp_Half_TN,tn_4096_10151_4096_ld_4096_4096_4096,Gemm_Hipblaslt_214726,0.551978
GemmTunableOp_Half_TN,tn_4096_10151_14336_ld_14336_14336_4096,Gemm_Hipblaslt_215232,1.94325
GemmTunableOp_Half_TN,tn_4096_1_14336_ld_14336_0_4096,Gemm_Hipblaslt_214921,0.0255952
GemmTunableOp_Half_TN,tn_4096_8019_4096_ld_4096_4096_4096,Gemm_Hipblaslt_177727,0.422372
GemmTunableOp_Half_TN,tn_1024_8019_4096_ld_4096_4096_1024,Gemm_Hipblaslt_214867,0.093852
GemmTunableOp_float_NN,nn_5986_64_1_ld_5986_1_5986,Gemm_Rocblas_621296347,0.00607952
GemmTunableOp_float_NN,nn_8084_64_1_ld_8084_1_8084,Gemm_Rocblas_621296349,0.00612038
GemmTunableOp_float_NN,nn_8019_64_1_ld_8019_1_8019,Gemm_Rocblas_621296347,0.00625499
GemmTunableOp_float_NN,nn_15967_64_1_ld_15967_1_15967,Gemm_Rocblas_621296485,0.00626859
GemmTunableOp_float_NN,nn_10151_64_1_ld_10151_1_10151,Gemm_Rocblas_621296347,0.00623417
GemmTunableOp_float_NN,nn_18771_64_1_ld_18771_1_18771,Gemm_Rocblas_621296485,0.00633064
GemmTunableOp_float_NN,nn_1024_64_1_ld_1024_1_1024,Gemm_Rocblas_621288972,0.0106256
ScaledGemmTunableOp_Float8_e4m3fnuz_Float8_e4m3fnuz_Float8_e4m3fnuz_TN,tn_4096_4096_4096_ld_4096_4096_4096_rw_0_bias_None,Gemm_Hipblaslt_147250,0.129206
ScaledGemmTunableOp_Float8_e4m3fnuz_Float8_e4m3fnuz_Float8_e4m3fnuz_TN,tn_768_768_768_ld_768_768_768_rw_0_bias_None,Gemm_Hipblaslt_146730,0.00867108
ScaledGemmTunableOp_Float8_e4m3fn_Float8_e4m3fn_Float8_e4m3fn_TN,tn_768_768_768_ld_768_768_768_rw_0_bias_None,Gemm_Hipblaslt_146676,0.0134911
ScaledGemmTunableOp_Float8_e4m3fn_Float8_e4m3fn_Float8_e4m3fn_TN,tn_2048_2048_2048_ld_2048_2048_2048_rw_0_bias_None,Gemm_Hipblaslt_147158,0.0250191
ScaledGemmTunableOp_Float8_e4m3fn_Float8_e4m3fn_Float8_e4m3fn_TN,tn_4096_4096_4096_ld_4096_4096_4096_rw_0_bias_None,Gemm_Hipblaslt_147250,0.128998
GemmTunableOp_float_TN,tn_64_1_1_ld_1_1_1,Gemm_Hipblaslt_184836,0.006728
GemmTunableOp_float_TN,tn_768_768_768_ld_768_768_768,Gemm_Rocblas_621286443,0.0117096
GemmTunableOp_float_TN,tn_2048_2048_2048_ld_2048_2048_2048,Gemm_Hipblaslt_185617,0.126798
GemmTunableOp_float_TN,tn_4096_4096_4096_ld_4096_4096_4096,Gemm_Rocblas_621286393,0.911525
